Status,Location,Service,25 kHz,8.33kHz,Indicated Conversion Date,LARS/SQUAWK,ICAO Code,ANO,,,,,,,,,,,,,,
Conversion Requested,ABERDEEN/DYCE,TWR,118.100,118.105,13/09/2018,-,EGPD,,,,,,,,,,,,,,,
Conversion Requested,ABERDEEN/DYCE,APP,119.050,119.055,13/09/2018,-,EGPD,,,,,,,,,,,,,,,
Not Yet Converted,ABERDEEN/DYCE,APP,120.400,,,-,EGPD,,,,,,,,,,,,,,,
Not Yet Converted,ABERDEEN/DYCE,APP,121.250,,,-,EGPD,,,,,,,,,,,,,,,
Not Yet Converted,ABERDEEN/DYCE,APP,121.250,,,-,EGPD,,,,,,,,,,,,,,,
Conversion Requested,ABERDEEN/DYCE,AS,121.675,121.680,TBC,-,EGPD,,,,,,,,,,,,,,,
Conversion Requested,ABERDEEN/DYCE,AS,121.700,121.705,13/09/2018,-,EGPD,,,,,,,,,,,,,,,
Conversion Requested,ABERDEEN/DYCE,ATIS,121.850,,13/09/2018,-,EGPD,,,,,,,,,,,,,,,
Conversion Requested,ABERDEEN/DYCE,APP,128.300,128.305,13/09/2018,-,EGPD,,,,,,,,,,,,,,,
Not Yet Converted,ABERDEEN/DYCE,A/G,131.275,,,-,EGPD,,,,,,,,,,,,,,,
Not Yet Converted,ABERPORTH RAD,FIS,119.650,,,-,EGPD,,,,,,,,,,,,,,,
Not Yet Converted,WEST WALES/ABERPORTH,AFIS,122.150,,,-,,,,,,,,,,,,,,,,
Conversion Completed,WEST WALES RAD,APP,127.085,127.090,,-,EGFA,,,,,,,,,,,,,,,
Not Yet Converted,ABERPORTH,A/G,133.500,,,-,,,,,,,,,,,,,,,,
Not Yet Converted,ALDERNEY,TWR,125.350,,,-,,,,,,,,,,,,,,,,
Not Yet Converted,ANDREWS FIELD,A/G,130.550,,,-,,,,,,,,,,,,,,,,
Not Yet Converted,ARBROATH,A/G,124.100,,,-,,,,,,,,,,,,,,,,
Not Yet Converted,ASHCROFT,A/G,131.025,,,-,,,,,,,,,,,,,,,,
Not Yet Converted,BACTON,A/G,123.625,,,-,,,,,,,,,,,,,,,,
Not Yet Converted,BADMINTON,A/G,123.175,,,-,,,,,,,,,,,,,,,,
Not Yet Converted,BAGBY,A/G,123.250,,,-,,,,,,,,,,,,,,,,
Not Yet Converted,BARKSTON HEATH,TWR,120.425,,,-,,,,,,,,,,,,,,,,
Not Yet Converted,BARKSTON HEATH,ATIS,132.125,,,-,,,,,,,,,,,,,,,,
Not Yet Converted,BARQUE/CLIPPER FIELD,A/G,133.575,,,-,,,,,,,,,,,,,,,,
Not Yet Converted,BARRA,AFIS,118.075,,,-,,,,,,,,,,,,,,,,
Conversion Requested,BARROW/WALNEY ISLAND,TWR,123.200,123.205,TBC,-,,,,,,,,,,,,,,,,
Conversion Requested,BARROW/WALNEY ISLAND,OPC,130.375,130.380,TBC,-,,,,,,,,,,,,,,,,
Not Yet Converted,BARTON,AFIS,120.250,,,-,,,,,,,,,,,,,,,,
Not Yet Converted,BAXBY,A/G,118.600,,,-,,,,,,,,,,,,,,,,
Not Yet Converted,BECCLES,A/G,120.375,,,-,,,,,,,,,,,,,,,,
Not Yet Converted,BEDFORD,A/G,119.025,,,-,,,,,,,,,,,,,,,,
Not Yet Converted,BELFAST CITY,ATIS,136.625,,,-,,,,,,,,,,,,,,,,
Not Yet Converted,BELFAST/ALDERGROVE,TWR,118.300,,,-,,,,,,,,,,,,,,,,
Not Yet Converted,BELFAST/ALDERGROVE,APP,120.900,,,-,,,,,,,,,,,,,,,,
Not Yet Converted,BELFAST/ALDERGROVE,AS,121.750,,,-,,,,,,,,,,,,,,,,
Not Yet Converted,BELFAST/ALDERGROVE,ATIS,128.200,,,-,,,,,,,,,,,,,,,,
Not Yet Converted,BELFAST/ALDERGROVE,APP,128.500,,,LARS/SQUAWK,,,,,,,,,,,,,,,,
Not Yet Converted,BELFAST/HARBOUR,TWR,122.825,,,-,,,,,,,,,,,,,,,,
Not Yet Converted,BELFAST/HARBOUR,APP,130.850,,,LARS/SQUAWK,,,,,,,,,,,,,,,,
Not Yet Converted,BELFAST/HARBOUR,APP,134.800,,,-,,,,,,,,,,,,,,,,
Not Yet Converted,BEMBRIDGE,A/G,123.250,,,-,,,,,,,,,,,,,,,,
Not Yet Converted,BENBECULA,APP,119.200,,,-,,,,,,,,,,,,,,,,
Not Yet Converted,BENBECULA,A/G,133.500,,,-,,,,,,,,,,,,,,,,
Not Yet Converted,BENSON,APP,120.900,,,-,,,,,,,,,,,,,,,,
Not Yet Converted,BENSON,AS,121.800,,,-,,,,,,,,,,,,,,,,
Not Yet Converted,BENSON,TWR,127.150,,,-,,,,,,,,,,,,,,,,
Not Yet Converted,BENSON,APP,136.450,,,-,,,,,,,,,,,,,,,,
Not Yet Converted,BEVERLEY/LINLEY HILL,A/G,123.050,,,-,,,,,,,,,,,,,,,,
Not Yet Converted,BIGGIN HILL,ATIS,135.675,,,-,,,,,,,,,,,,,,,,
Not Yet Converted,BIGGIN HILL/BIG.HILL,APP,129.400,,,-,,,,,,,,,,,,,,,,
Not Yet Converted,BIGGIN HILL/BIG.HILL,TWR,134.800,,,-,,,,,,,,,,,,,,,,
Conversion Requested,BIRMINGHAM,APP,118.050,,TBC,LARS/SQUAWK,,,,,,,,,,,,,,,,
Conversion Requested,BIRMINGHAM,TWR,118.300,118.305,01/05/2018,-,,,,,,,,,,,,,,,,
Conversion Requested,BIRMINGHAM,AS,121.800,121.805,01/05/2018,-,,,,,,,,,,,,,,,,
Conversion Requested,BIRMINGHAM,AS,121.925,121.930,01/05/2018,-,,,,,,,,,,,,,,,,
Conversion Requested,BIRMINGHAM,APP,131.000,131.005,01/05/2018,-,,,,,,,,,,,,,,,,
Conversion Requested,BIRMINGHAM,APP,131.325,131.330,01/05/2018,-,,,,,,,,,,,,,,,,
Conversion Requested,BIRMINGHAM,ATIS,136.025,136.030,01/05/2018,-,,,,,,,,,,,,,,,,
Conversion Completed,BLACKBUSHE,AFIS,122.300,122.305,28/02/2018,-,EGLK,,,,,,,,,,,,,,,
Not Yet Converted,BLACKPOOL/BLACKPOOL,TWR,118.400,,,-,,,,,,,,,,,,,,,,
Not Yet Converted,BLACKPOOL/BLACKPOOL,APP,119.950,,,-,,,,,,,,,,,,,,,,
Not Yet Converted,BLACKPOOL/BLACKPOOL,ATIS,127.200,,,-,,,,,,,,,,,,,,,,
Not Yet Converted,BODMIN,A/G,122.700,,,-,,,,,,,,,,,,,,,,
Not Yet Converted,BOSCOMBE DOWN,A/G,118.750,,,-,,,,,,,,,,,,,,,,
Not Yet Converted,BOSCOMBE DOWN,AS,121.800,,,-,,,,,,,,,,,,,,,,
Not Yet Converted,BOSCOMBE DOWN,APP,126.700,,,LARS/SQUAWK,,,,,,,,,,,,,,,,
Not Yet Converted,BOSCOMBE DOWN,TWR,130.000,,,-,,,,,,,,,,,,,,,,
Not Yet Converted,BOSCOMBE DOWN,APP,130.750,,,-,,,,,,,,,,,,,,,,
Conversion Requested,BOURN,A/G,124.350,124.355,TBC,-,,,,,,,,,,,,,,,,
Not Yet Converted,BOURNE PARK,A/G,134.850,,,-,,,,,,,,,,,,,,,,
Not Yet Converted,BOURNEMOUTH,ATIS,133.725,,,-,,,,,,,,,,,,,,,,
Not Yet Converted,BOURNEMOUTH/HURN,APP,118.650,,,-,,,,,,,,,,,,,,,,
Not Yet Converted,BOURNEMOUTH/HURN,APP,119.475,,,LARS/SQUAWK,,,,,,,,,,,,,,,,
Not Yet Converted,BOURNEMOUTH/HURN,AS,121.700,,,-,,,,,,,,,,,,,,,,
Not Yet Converted,BOURNEMOUTH/HURN,TWR,125.600,,,-,,,,,,,,,,,,,,,,
Conversion Requested,BREIGHTON,A/G,129.800,129.805,01/05/2018,-,,,,,,,,,,,,,,,,
Not Yet Converted,BRISTOL/LULSGATE,AS,121.925,,,-,,,,,,,,,,,,,,,,
Not Yet Converted,BRISTOL/LULSGATE,APP,125.650,,,LARS/SQUAWK,,,,,,,,,,,,,,,,
Not Yet Converted,BRISTOL/LULSGATE,ATIS,126.025,,,-,,,,,,,,,,,,,,,,
Not Yet Converted,BRISTOL/LULSGATE,TWR,133.850,,,-,,,,,,,,,,,,,,,,
Not Yet Converted,BRISTOL/LULSGATE,APP,136.075,,,-,,,,,,,,,,,,,,,,
Not Yet Converted,BRIZE NORTON,APP,119.000,,,-,,,,,,,,,,,,,,,,
Not Yet Converted,BRIZE/NORTON,AS,121.725,,,-,,,,,,,,,,,,,,,,
Not Yet Converted,BRIZE/NORTON,APP,123.550,,,-,,,,,,,,,,,,,,,,
Not Yet Converted,BRIZE/NORTON,APP,123.725,,,-,,,,,,,,,,,,,,,,
Not Yet Converted,BRIZE/NORTON,APP,124.275,,,-,,,,,,,,,,,,,,,,
Not Yet Converted,BRIZE/NORTON,APP,127.250,,,-,,,,,,,,,,,,,,,,
Not Yet Converted,BRIZE/NORTON,APP,133.750,,,-,,,,,,,,,,,,,,,,
Not Yet Converted,BRUNTINGTHORPE,A/G,122.825,,,-,,,,,,,,,,,,,,,,
Not Yet Converted,CAERNARFON,A/G,122.250,,,-,,,,,,,,,,,,,,,,
Conversion Requested,CAMBRIDGE,AS,121.775,,TBC,-,,,,,,,,,,,,,,,,
Conversion Requested,CAMBRIDGE,APP,123.600,,TBC,-,,,,,,,,,,,,,,,,
Not Yet Converted,CAMBRIDGE,APP,124.975,,,-,,,,,,,,,,,,,,,,
Conversion Requested,CAMBRIDGE,TWR,125.900,,TBC,-,,,,,,,,,,,,,,,,
Not Yet Converted,CAMBRIDGE,ATIS,134.600,,,-,,,,,,,,,,,,,,,,
Not Yet Converted,CAPE WRATH,A/G,122.750,,,-,,,,,,,,,,,,,,,,
Not Yet Converted,CARDIFF HELIPORT,A/G,120.650,,,-,,,,,,,,,,,,,,,,
Not Yet Converted,CARDIFF/CARDIFF,APP,119.150,,,-,,,,,,,,,,,,,,,,
Not Yet Converted,CARDIFF/CARDIFF,AS,121.700,,,-,,,,,,,,,,,,,,,,
Conversion Requested,CARDIFF/CARDIFF,APP,125.850,125.855,01/05/2018,-,,,,,,,,,,,,,,,,
Conversion Requested,CARDIFF/CARDIFF,ATIS,132.475,132.480,01/05/2018,-,,,,,,,,,,,,,,,,
Not Yet Converted,CARDIFF/CARDIFF,TWR,133.100,,,-,,,,,,,,,,,,,,,,
Conversion Requested,CARLISLE,ATIS,118.425,118.430,01/10/2018,-,,,,,,,,,,,,,,,,
Conversion Requested,CARLISLE,APP,123.600,123.605,01/10/2018,-,,,,,,,,,,,,,,,,
Not Yet Converted,CHALGROVE,A/G,125.400,,,-,,,,,,,,,,,,,,,,
Not Yet Converted,CHICHESTER/GOODWOOD,APP,122.450,,,-,,,,,,,,,,,,,,,,
Not Yet Converted,CHILTERN PARK,A/G,134.025,,,-,,,,,,,,,,,,,,,,
Not Yet Converted,CHIVENOR,APP,130.200,,,-,,,,,,,,,,,,,,,,
Not Yet Converted,CHURCH FENTON,A/G,126.500,,,-,,,,,,,,,,,,,,,,
Not Yet Converted,CLACTON,A/G,118.150,,,-,,,,,,,,,,,,,,,,
Not Yet Converted,CLENCH COMMON,A/G,119.300,,,-,,,,,,,,,,,,,,,,
Not Yet Converted,COLERNE,A/G,120.075,,,-,,,,,,,,,,,,,,,,
Not Yet Converted,COLL,A/G,125.000,,,-,,,,,,,,,,,,,,,,
Not Yet Converted,COLONSAY,A/G,123.800,,,-,,,,,,,,,,,,,,,,
Conversion Requested,COMPTON ABBAS,A/G,122.700,122.705,TBC,-,YES,,,,,,,,,,,,,,,
Not Yet Converted,CONINGSBY,AS,121.850,,,-,,,,,,,,,,,,,,,,
Not Yet Converted,CONNINGSBY,TWR,119.200,,,LARS/SQUAWK,,,,,,,,,,,,,,,,
Not Yet Converted,CONNINGSBY,TWR,124.675,,,-,,,,,,,,,,,,,,,,
Not Yet Converted,COSFORD,TWR,128.650,,,-,,,,,,,,,,,,,,,,
Not Yet Converted,COSFORD,TWR,135.875,,,-,,,,,,,,,,,,,,,,
Not Yet Converted,COTTESMORE,TWR,125.525,,,-,,,,,,,,,,,,,,,,
Not Yet Converted,COVENTRY,TWR,118.175,,,-,,,,,,,,,,,,,,,,
Not Yet Converted,COVENTRY,AS,121.700,,,-,,,,,,,,,,,,,,,,
Not Yet Converted,COVENTRY,AFIS,123.825,,,-,,,,,,,,,,,,,,,,
Not Yet Converted,COVENTRY,ATIS,126.050,,,-,,,,,,,,,,,,,,,,
Not Yet Converted,COVENTRY,APP,136.150,,,-,,,,,,,,,,,,,,,,
Conversion Requested,CRANFIELD,ATIS,121.875,121.880,16/04/2018,-,,,,,,,,,,,,,,,,
Conversion Requested,CRANFIELD,APP,122.850,122.855,16/04/2018,-,,,,,,,,,,,,,,,,
Conversion Requested,CRANFIELD,TWR,134.925,134.930,16/04/2018,-,,,,,,,,,,,,,,,,
Not Yet Converted,CRANWELL,AS,121.775,,,-,,,,,,,,,,,,,,,,
Not Yet Converted,CRANWELL,TWR,124.450,,,-,,,,,,,,,,,,,,,,
Not Yet Converted,CRANWELL,TWR,125.050,,,-,,,,,,,,,,,,,,,,
Not Yet Converted,CREDENHILL,A/G,134.150,,,-,,,,,,,,,,,,,,,,
Conversion Completed,CULDROSE,A/G,,127.630,,-,EGDR,,,,,,,,,,,,,,,
Not Yet Converted,CULDROSE,APP,134.050,,,LARS/SQUAWK,,,,,,,,,,,,,,,,
Conversion Completed,CUMBERNAULD,A/G,,120.605,,-,EGPG,,,,,,,,,,,,,,,
Conversion Requested,DAMYNS HALL,A/G,119.550,119.555,16/04/2018,-,,,,,,,,,,,,,,,,
Conversion Requested,DEANLAND,A/G,129.725,129.730,01/04/2018,-,EGKL,,,,,,,,,,,,,,,
Not Yet Converted,DENHAM,A/G,130.725,,,-,,,,,,,,,,,,,,,,
Not Yet Converted,DERBY,A/G,118.350,,,-,,,,,,,,,,,,,,,,
Not Yet Converted,DOUNREAY/THURSO,APP,122.400,,,-,,,,,,,,,,,,,,,,
Not Yet Converted,DUNDEE,ATIS,119.325,,,-,,,,,,,,,,,,,,,,
Not Yet Converted,DUNDEE,APP,122.900,,,-,,,,,,,,,,,,,,,,
Not Yet Converted,DUNKESWELL,A/G,123.475,,,-,,,,,,,,,,,,,,,,
Not Yet Converted,DUNSFOLD,TWR,119.100,,,-,,,,,,,,,,,,,,,,
Not Yet Converted,DUNSTABLE,A/G,119.900,,,-,,,,,,,,,,,,,,,,
Not Yet Converted,DURHAM TEES VALLEY,APP,118.850,,,LARS/SQUAWK,,,,,,,,,,,,,,,,
Not Yet Converted,DURHAM TEES VALLEY,TWR,119.800,,,-,,,,,,,,,,,,,,,,
Not Yet Converted,DURHAM TEES VALLEY,APP,128.850,,,-,,,,,,,,,,,,,,,,
Not Yet Converted,DURHAM TEES VALLEY,ATIS,132.375,,,-,,,,,,,,,,,,,,,,
Not Yet Converted,DUXFORD,A/G,119.250,,,-,,,,,,,,,,,,,,,,
Not Yet Converted,DUXFORD,AFIS,121.400,,,-,,,,,,,,,,,,,,,,
Not Yet Converted,DUXFORD,AFIS,122.075,,,-,,,,,,,,,,,,,,,,
Not Yet Converted,EARLS COLNE,A/G,122.425,,,-,,,,,,,,,,,,,,,,
Not Yet Converted,EAST FORTUNE,A/G,118.125,,,-,,,,,,,,,,,,,,,,
Conversion Requested,EAST FORTUNE,A/G,118.750,,31/05/2018,-,,,,,,,,,,,,,,,,
Not Yet Converted,EAST MIDLANDS,APP,126.175,,,-,,,,,,,,,,,,,,,,
Not Yet Converted,EAST MIDLANDS AIRPORT,ATIS,122.675,,,-,,,,,,,,,,,,,,,,
Not Yet Converted,EAST MIDLANDS/EAST M,APP,120.125,,,-,,,,,,,,,,,,,,,,
Not Yet Converted,EAST MIDLANDS/EAST M,AS,121.900,,,-,,,,,,,,,,,,,,,,
Not Yet Converted,EAST MIDLANDS/EAST M,TWR,124.000,,,-,,,,,,,,,,,,,,,,
Not Yet Converted,EAST MIDLANDS/EAST M,ATIS,128.225,,,-,,,,,,,,,,,,,,,,
Not Yet Converted,EAST MIDLANDS/EAST M,APP,134.175,,,LARS/SQUAWK,,,,,,,,,,,,,,,,
Not Yet Converted,EDDSFIELD,A/G,134.000,,,-,,,,,,,,,,,,,,,,
Conversion Completed,EDINBURGH,AS,,121.905,,-,EGPH,,,,,,,,,,,,,,,
Not Yet Converted,EDINBURGH/DEANCROSS,ATIS,131.350,,,-,,,,,,,,,,,,,,,,
Conversion Requested,EDINBURGH,TWR,118.700,,TBC,-,,,,,,,,,,,,,,,,
Not Yet Converted,EDINBURGH/EDINBURGH,APP,121.200,,,LARS/SQUAWK,,,,,,,,,,,,,,,,
Conversion Requested,EDINBURGH,AS,121.975,,TBC,-,,,,,,,,,,,,,,,,
Conversion Requested,EDINBURGH,AS,121.975,,TBC,-,,,,,,,,,,,,,,,,
Conversion Requested,EDINBURGH,APP,128.975,,TBC,-,,,,,,,,,,,,,,,,
Conversion Requested,EDINBURGH,ATIS,131.350,,TBC,-,,,,,,,,,,,,,,,,
Not Yet Converted,ELSTREE,TWR,122.400,,,-,,,,,,,,,,,,,,,,
Not Yet Converted,ELVINGTON,A/G,119.625,,,-,,,,,,,,,,,,,,,,
Not Yet Converted,ENNISKILLEN,A/G,123.200,,,-,,,,,,,,,,,,,,,,
Not Yet Converted,ENSTONE,A/G,129.875,,,-,,,,,,,,,,,,,,,,
Not Yet Converted,ESHOTT,A/G,122.850,,,-,,,,,,,,,,,,,,,,
Not Yet Converted,EXETER,ATIS,119.325,,,-,,,,,,,,,,,,,,,,
Not Yet Converted,EXETER,TWR,119.800,,,-,,,,,,,,,,,,,,,,
Not Yet Converted,EXETER,APP,123.575,,,-,,,,,,,,,,,,,,,,
Not Yet Converted,EXETER,APP,128.975,,,LARS/SQUAWK,,,,,,,,,,,,,,,,
Not Yet Converted,FAIR ISLE,A/G,118.025,,,-,,,,,,,,,,,,,,,,
Not Yet Converted,FAIRFORD,AS,121.800,,,-,,,,,,,,,,,,,,,,
Not Yet Converted,FAIRFORD,TWR,124.800,,,-,,,,,,,,,,,,,,,,
Not Yet Converted,FAIRFORD,ATIS,135.450,,,-,,,,,,,,,,,,,,,,
Conversion Requested,FAIROAKS,A/G,123.425,,TBC,-,,,,,,,,,,,,,,,,
Conversion Completed,FARNBOROUGH,TWR,122.500,122.780,,-,EGLF,,,,,,,,,,,,,,,
Not Yet Converted,FARNBOROUGH,APP,125.250,,,LARS/SQUAWK,,,,,,,,,,,,,,,,
Conversion Completed,FARNBOROUGH,ATIS,128.400,128.405,,-,EGLF,,,,,,,,,,,,,,,
Not Yet Converted,FARNBOROUGH,APP,128.850,,,-,,,,,,,,,,,,,,,,
Conversion Completed,FARNBOROUGH,APP,130.050,130.055,,-,EGLF,,,,,,,,,,,,,,,
Conversion Requested,FARNBOROUGH,APP,134.350,134.355,28/03/2018,-,EGLF,,,,,,,,,,,,,,,
Not Yet Converted,FARNBOROUGH,TWR,135.175,,,-,,,,,,,,,,,,,,,,
Not Yet Converted,FENLAND,AFIS,122.925,,,-,,,,,,,,,,,,,,,,
Not Yet Converted,FINNINGLEY,AS,121.675,,,-,,,,,,,,,,,,,,,,
Not Yet Converted,FINNINGLEY,APP,126.225,,,LARS/SQUAWK,,,,,,,,,,,,,,,,
Not Yet Converted,FINNINGLEY,TWR,128.775,,,-,,,,,,,,,,,,,,,,
Not Yet Converted,FINNINGLEY,APP,129.050,,,-,,,,,,,,,,,,,,,,
Not Yet Converted,FINNINGLEY,ATIS,134.950,,,-,,,,,,,,,,,,,,,,
Not Yet Converted,FISHBURN AIRFIELD,A/G,118.275,,,-,,,,,,,,,,,,,,,,
Not Yet Converted,FLEETLANDS,TWR,135.700,,,-,,,,,,,,,,,,,,,,
Not Yet Converted,FOWLMERE,A/G,135.700,,,-,,,,,,,,,,,,,,,,
Not Yet Converted,FULL SUTTON,A/G,120.100,,,-,,,,,,,,,,,,,,,,
Not Yet Converted,GAMSTON,A/G,130.475,,,-,,,,,,,,,,,,,,,,
Conversion Completed,GATWICK,AS,121.930,121.930,,-,EGKK,,,,,,,,,,,,,,,
Conversion Requested,GLASGOW/GLASGOW,TWR,118.800,118.805,16/08/2018,-,,,,,,,,,,,,,,,,
Not Yet Converted,GLASGOW/GLASGOW,APP,119.100,,,LARS/SQUAWK,,,,,,,,,,,,,,,,
Conversion Requested,GLASGOW/GLASGOW,AS,121.700,121.705,16/08/2018,-,,,,,,,,,,,,,,,,
Not Yet Converted,GLASGOW/GLASGOW,APP,125.250,,,-,,,,,,,,,,,,,,,,
Conversion Requested,GLASGOW/GLASGOW,APP,128.750,128.755,16/08/2018,-,,,,,,,,,,,,,,,,
Not Yet Converted,GLASGOW/GLASGOW,ATIS,129.575,,,-,,,,,,,,,,,,,,,,
Not Yet Converted,GLASGOW/GLASGOW,A/G,130.900,,,-,,,,,,,,,,,,,,,,
Not Yet Converted,GLENFORSA,A/G,120.800,,,-,,,,,,,,,,,,,,,,
Not Yet Converted,GLENROTHES,A/G,130.450,,,-,,,,,,,,,,,,,,,,
Not Yet Converted,GLOUCESTER/STAVERTON,APP,120.975,,,-,,,,,,,,,,,,,,,,
Not Yet Converted,GLOUCESTER/STAVERTON,TWR,122.900,,,-,,,,,,,,,,,,,,,,
Not Yet Converted,GLOUCESTER/STAVERTON,ATIS,127.475,,,-,,,,,,,,,,,,,,,,
Not Yet Converted,GLOUCESTER/STAVERTON,APP,128.550,,,-,,,,,,,,,,,,,,,,
Conversion Requested,GRANSDEN LODGE,A/G,131.275,131.280,01/04/2018,-,,,,,,,,,,,,,,,,
Conversion Completed,GREAT OAKLEY,A/G,123.200,123.205,28/02/2018,-,-,,,,,,,,,,,,,,,
Conversion Completed,GROVE FARM,A/G,,130.430,,-,-,,,,,,,,,,,,,,,
Not Yet Converted,GRYPHON,A/G,123.025,,,-,,,,,,,,,,,,,,,,
Not Yet Converted,GUERNSEY/GUERNSEY,APP,118.900,,,-,,,,,,,,,,,,,,,,
Not Yet Converted,GUERNSEY/GUERNSEY,TWR,119.950,,,-,,,,,,,,,,,,,,,,
Not Yet Converted,GUERNSEY/GUERNSEY,AS,121.800,,,-,,,,,,,,,,,,,,,,
Not Yet Converted,GUERNSEY/GUERNSEY,APP,124.500,,,-,,,,,,,,,,,,,,,,
Not Yet Converted,GUERNSEY/GUERNSEY,APP,128.650,,,-,,,,,,,,,,,,,,,,
Not Yet Converted,HALTON,A/G,130.425,,,-,,,,,,,,,,,,,,,,
Not Yet Converted,HAVERFORDWEST,AFIS,122.200,122.205,01/06/2018,-,,,,,,,,,,,,,,,,
Problem,HAWARDEN,APP,123.350,120.055,TBC,LARS/SQUAWK,,,,,,,,,,,,,,,,
Conversion Requested,HAWARDEN,TWR,124.950,124.955,24/02/2018,-,EGNR,,,,,,,,,,,,,,,
Conversion Completed,HAWARDEN,ATIS,125.425,125.430,24/02/2018,-,EGNR,,,,,,,,,,,,,,,
Conversion Requested,HAWARDEN,APP,130.015,,TBC,-,EGNR,,,,,,,,,,,,,,,
Not Yet Converted,HEADCORN,A/G,122.000,,,-,,,,,,,,,,,,,,,,
Not Yet Converted,HENLOW,A/G,121.100,,,-,,,,,,,,,,,,,,,,
Not Yet Converted,HENSTRIDGE,A/G,130.250,,,-,,,,,,,,,,,,,,,,
Not Yet Converted,HINTON IN HEDGES,A/G,119.450,,,-,,,,,,,,,,,,,,,,
Not Yet Converted,HOLBEACH,A/G,122.750,,,-,,,,,,,,,,,,,,,,
Not Yet Converted,HULLAVINGTON,A/G,120.775,,,-,,,,,,,,,,,,,,,,
Conversion Requested,HUMBERSIDE/HUMBERSIDE,APP,119.125,119.130,29/03/2018,LARS/SQUAWK,EGNJ,,,,,,,,,,,,,,,
Conversion Requested,HUMBERSIDE/HUMBERSIDE,ATIS,124.125,124.130,29/03/2018,-,EGNJ,,,,,,,,,,,,,,,
Conversion Requested,HUMBERSIDE/HUMBERSIDE,TWR,124.900,124.905,TBC,-,,,,,,,,,,,,,,,,
Conversion Completed,HUMBERSIDE/HUMBERSIDE,APP,129.250,129.255,,-,EGNJ,,,,,,,,,,,,,,,
Not Yet Converted,INCE,A/G,121.075,,,-,,,,,,,,,,,,,,,,
Not Yet Converted,INVERNESS/INVERNESS,TWR,118.400,,,-,,,,,,,,,,,,,,,,
Not Yet Converted,INVERNESS/INVERNESS,APP,122.600,,,-,,,,,,,,,,,,,,,,
Not Yet Converted,ISLAY,A/G,123.150,,,-,,,,,,,,,,,,,,,,
Not Yet Converted,ISLE OF MAN/RONALDSWAY,TWR,119.000,,,-,,,,,,,,,,,,,,,,
Not Yet Converted,ISLE OF MAN/RONALDSWAY,APP,120.850,,,-,,,,,,,,,,,,,,,,
Not Yet Converted,ISLE OF MAN/RONALDSWAY,ATIS,123.875,,,-,,,,,,,,,,,,,,,,
Not Yet Converted,ISLE OF MAN/RONALDSWAY,APP,125.300,,,-,,,,,,,,,,,,,,,,
Not Yet Converted,ISLE OF MAN/RONALDSWAY,APP,135.900,,,-,,,,,,,,,,,,,,,,
Not Yet Converted,ISLE OF WIGHT/SANDOWN,A/G,119.275,,,-,,,,,,,,,,,,,,,,
Not Yet Converted,JERSEY/JERSEY,APP,118.550,,,-,,,,,,,,,,,,,,,,
Not Yet Converted,JERSEY/JERSEY,TWR,119.450,,,-,,,,,,,,,,,,,,,,
Not Yet Converted,JERSEY/JERSEY,APP,120.300,,,-,,,,,,,,,,,,,,,,
Not Yet Converted,JERSEY/JERSEY,AS,121.900,,,-,,,,,,,,,,,,,,,,
Not Yet Converted,JERSEY/JERSEY,ATIS,134.675,,,-,,,,,,,,,,,,,,,,
Not Yet Converted,KEMBLE,AFIS,118.900,,,-,,,,,,,,,,,,,,,,
Not Yet Converted,KENLEY,A/G,120.775,,,-,,,,,,,,,,,,,,,,
Not Yet Converted,KIRKNEWTON,A/G,124.100,,,-,,,,,,,,,,,,,,,,
Not Yet Converted,KIRKWALL/KIRKWALL,APP,118.300,,,-,,,,,,,,,,,,,,,,
Not Yet Converted,LAKENHEATH,AS,121.575,,,-,,,,,,,,,,,,,,,,
Not Yet Converted,LAKENHEATH,APP,128.900,,,-,,,,,,,,,,,,,,,,
Not Yet Converted,LAKENHEATH,A/G,136.500,,,-,,,,,,,,,,,,,,,,
Not Yet Converted,LANDS END,TWR,120.250,,,-,,,,,,,,,,,,,,,,
Not Yet Converted,LASHAM,TWR,122.875,,,-,,,,,,,,,,,,,,,,
Not Yet Converted,LASHAM,APP,126.650,,,-,,,,,,,,,,,,,,,,
Not Yet Converted,LASHAM,A/G,131.025,,,-,,,,,,,,,,,,,,,,
Conversion Requested,LEEDS & BRADFORD,ATIS,118.025,118.030,29/03/2018,-,EGNM,,,,,,,,,,,,,,,
Conversion Requested,LEEDS & BRADFORD,TWR,120.300,120.305,29/03/2018,-,EGNM,,,,,,,,,,,,,,,
Conversion Requested,LEEDS & BRADFORD,AS,121.800,121.805,29/03/2018,-,EGNM,,,,,,,,,,,,,,,
Conversion Requested,LEEDS & BRADFORD,APP,125.375,125.380,29/03/2018,-,EGNM,,,,,,,,,,,,,,,
Conversion Requested,LEEDS & BRADFORD,APP,134.575,134.580,29/03/2018,-,EGNM,,,,,,,,,,,,,,,
Not Yet Converted,LEEMING,A/G,120.500,,,-,,,,,,,,,,,,,,,,
Not Yet Converted,LEEMING,A/G,131.175,,,-,,,,,,,,,,,,,,,,
Not Yet Converted,LEEMING,APP,133.375,,,LARS/SQUAWK,,,,,,,,,,,,,,,,
Not Yet Converted,LEE-ON-SOLENT,A/G,118.925,,,-,,,,,,,,,,,,,,,,
Not Yet Converted,LEICESTER,A/G,122.125,,,-,,,,,,,,,,,,,,,,
Not Yet Converted,LERWICK/SUMBURGH,TWR,118.250,,,-,,,,,,,,,,,,,,,,
Not Yet Converted,LERWICK/SUMBURGH,A/G,122.950,,,-,,,,,,,,,,,,,,,,
Not Yet Converted,LERWICK/SUMBURGH,APP,123.150,,,-,,,,,,,,,,,,,,,,
Not Yet Converted,LERWICK/SUMBURGH,ATIS,125.850,,,-,,,,,,,,,,,,,,,,
Not Yet Converted,LERWICK/SUMBURGH,APP,131.300,,,-,,,,,,,,,,,,,,,,
Not Yet Converted,LEUCHARS,APP,119.225,,,-,,,,,,,,,,,,,,,,
Not Yet Converted,LEUCHARS,A/G,130.900,,,-,,,,,,,,,,,,,,,,
Not Yet Converted,LINTON-ON-OUSE,APP,118.550,,,LARS/SQUAWK,,,,,,,,,,,,,,,,
Not Yet Converted,LINTON-ON-OUSE,TWR,129.350,,,-,,,,,,,,,,,,,,,,
Not Yet Converted,LIPPITTS HILL,A/G,130.475,,,-,,,,,,,,,,,,,,,,
Not Yet Converted,LITTLE GRANSDEN,A/G,130.850,,,-,,,,,,,,,,,,,,,,
Not Yet Converted,LITTLE SNORING,A/G,118.125,,,-,,,,,,,,,,,,,,,,
Conversion Completed,LIVERPOOL,AS,,121.805,,-,EGGP,,,,,,,,,,,,,,,
Not Yet Converted,LIVERPOOL/LIVERPOOL,APP,118.450,,,-,,,,,,,,,,,,,,,,
Not Yet Converted,LIVERPOOL/LIVERPOOL,APP,119.850,,,LARS/SQUAWK,,,,,,,,,,,,,,,,
Not Yet Converted,LIVERPOOL/LIVERPOOL,AS,121.950,,,-,,,,,,,,,,,,,,,,
Not Yet Converted,LIVERPOOL/LIVERPOOL,ATIS,124.325,,,-,,,,,,,,,,,,,,,,
Not Yet Converted,LIVERPOOL/LIVERPOOL,TWR,126.350,,,-,,,,,,,,,,,,,,,,
Conversion Requested,LLANBEDR,A/G,118.925,,TBC,-,,,,,,,,,,,,,,,,
Not Yet Converted,LONDON ACC,FIS,124.600,,,-,,,,,,,,,,,,,,,,
Not Yet Converted,LONDON ACC,FIS,124.750,,,-,,,,,,,,,,,,,,,,
Not Yet Converted,LONDON ACC,FIS,125.475,,,-,,,,,,,,,,,,,,,,
Not Yet Converted,LONDON ACC,VOLMET,126.600,,,-,,,,,,,,,,,,,,,,
Not Yet Converted,LONDON ACC,VOLMET,128.600,,,-,,,,,,,,,,,,,,,,
Not Yet Converted,LONDON ACC,VOLMET,135.375,,,-,,,,,,,,,,,,,,,,
Conversion Requested,LONDON/CITY,TWR,118.075,118.080,19/07/2018,-,,,,,,,,,,,,,,,,
Conversion Requested,LONDON/CITY,AS,121.825,121.830,19/07/2018,-,,,,,,,,,,,,,,,,
Not Yet Converted,LONDON/CITY,APP,128.025,,,-,,,,,,,,,,,,,,,,
Conversion Requested,LONDON/CITY,TWR,129.450,129.455,19/07/2018,-,,,,,,,,,,,,,,,,
Not Yet Converted,LONDON/CITY,APP,132.700,,,LARS/SQUAWK,,,,,,,,,,,,,,,,
Conversion Requested,LONDON/CITY,ATIS,136.350,136.355,19/07/2018,-,,,,,,,,,,,,,,,,
Not Yet Converted,LONDON/GATWICK,APP,118.950,,,-,,,,,,,,,,,,,,,,
Conversion Completed,LONDON/GATWICK,AS,,121.540,,-,EGKK,,,,,,,,,,,,,,,
Conversion Completed,LONDON/GATWICK,AS,,121.680,,-,EGKK,,,,,,,,,,,,,,,
Not Yet Converted,LONDON/GATWICK,AS,,,,-,,,,,,,,,,,,,,,,
Conversion Completed,LONDON/GATWICK,AS,,121.930,,-,EGKK,,,,,,,,,,,,,,,
Not Yet Converted,LONDON/GATWICK,AS,,,,-,,,,,,,,,,,,,,,,
Not Yet Converted,LONDON/GATWICK,APP,,,,-,,,,,,,,,,,,,,,,
Not Yet Converted,LONDON/GATWICK,APP,,,,LARS/SQUAWK,,,,,,,,,,,,,,,,
Not Yet Converted,LONDON/GATWICK,APP,,,,-,,,,,,,,,,,,,,,,
Not Yet Converted,LONDON/GATWICK,TWR,,,,-,,,,,,,,,,,,,,,,
Not Yet Converted,LONDON/GATWICK,ATIS,,,,-,,,,,,,,,,,,,,,,
Conversion Requested,LONDON/HEATHROW,TWR,118.500,118.505,19/07/2018,-,,,,,,,,,,,,,,,,
Conversion Requested,LONDON/HEATHROW,TWR,118.700,118.705,19/07/2018,-,,,,,,,,,,,,,,,,
Not Yet Converted,LONDON/HEATHROW,APP,,,,-,,,,,,,,,,,,,,,,
Conversion Completed,LONDON/HEATHROW,AS,,121.555,,-,EGLL,,,,,,,,,,,,,,,
Conversion Completed,LONDON/HEATHROW,AS,,121.680,,-,EGLL,,,,,,,,,,,,,,,
Conversion Requested,LONDON/HEATHROW,AS,121.850,121.855,19/07/2018,-,,,,,,,,,,,,,,,,
Conversion Completed,LONDON/HEATHROW,AS,,121.730,,-,EGLL,,,,,,,,,,,,,,,
Conversion Completed,LONDON/HEATHROW,AS,,121.730,,-,EGLL,,,,,,,,,,,,,,,
Conversion Requested,LONDON/HEATHROW,AS,121.700,121.705,19/07/2018,-,,,,,,,,,,,,,,,,
Conversion Requested,LONDON/HEATHROW,AS,121.900,121.905,19/07/2018,-,,,,,,,,,,,,,,,,
Conversion Completed,LONDON/HEATHROW,AS,,121.930,,-,EGLL,,,,,,,,,,,,,,,
Conversion Completed,LONDON/HEATHROW,AS,,121.955,,-,EGLL,,,,,,,,,,,,,,,
Conversion Requested,LONDON/HEATHROW,AS,121.975,121.980,19/07/2018,-,,,,,,,,,,,,,,,,
Not Yet Converted,LONDON/HEATHROW,TWR,124.475,,,-,,,,,,,,,,,,,,,,
Not Yet Converted,LONDON/HEATHROW,APP,125.625,,,-,,,,,,,,,,,,,,,,
Not Yet Converted,LONDON/HEATHROW,ATIS,128.075,,,-,,,,,,,,,,,,,,,,
Not Yet Converted,LONDON/HELIPORT,TWR,134.275,,,-,,,,,,,,,,,,,,,,
Not Yet Converted,LONDON/STANSTED,APP,120.625,,,LARS/SQUAWK,,,,,,,,,,,,,,,,
Conversion Requested,LONDON/STANSTED,AS,121.725,121.730,26/04/2018,-,,,,,,,,,,,,,,,,
Conversion Requested,LONDON/STANSTED,AS,121.950,121.955,26/04/2018,-,,,,,,,,,,,,,,,,
Conversion Requested,LONDON/STANSTED,TWR,123.800,123.805,26/04/2018,-,,,,,,,,,,,,,,,,
Not Yet Converted,LONDON/STANSTED,TWR,125.550,,,-,,,,,,,,,,,,,,,,
Conversion Requested,LONDON/STANSTED,ATIS,127.175,127.180,26/04/2018,-,,,,,,,,,,,,,,,,
Not Yet Converted,LONDON/STANSTED,APP,132.050,,,-,,,,,,,,,,,,,,,,
Not Yet Converted,LONDON/STANSTED,APP,136.200,,,-,,,,,,,,,,,,,,,,
Not Yet Converted,LONDON/STANSTED2,APP,136.200,,,-,,,,,,,,,,,,,,,,
Not Yet Converted,LONDONDERRY,APP,123.625,,,-,,,,,,,,,,,,,,,,
Not Yet Converted,LONDONDERRY,TWR,134.150,,,-,,,,,,,,,,,,,,,,
Not Yet Converted,LONDONDERRY/EGLINTON,ATIS,119.375,,,-,,,,,,,,,,,,,,,,
Not Yet Converted,LOSSIEMOUTH,TWR,118.200,,,-,,,,,,,,,,,,,,,,
Not Yet Converted,LOSSIEMOUTH,APP,118.900,,,-,,,,,,,,,,,,,,,,
Not Yet Converted,LOSSIEMOUTH,APP,119.575,,,LARS/SQUAWK,,,,,,,,,,,,,,,,
Not Yet Converted,LOW HILL FARM,A/G,119.275,,,-,,,,,,,,,,,,,,,,
Conversion Requested,LUTON/LUTON,ATIS,120.575,120.580,26/04/2018,-,,,,,,,,,,,,,,,,
Not Yet Converted,LUTON/LUTON,AS,121.675,,,-,,,,,,,,,,,,,,,,
Conversion Requested,LUTON/LUTON,AS,121.750,121.755,26/04/2018,-,,,,,,,,,,,,,,,,
Conversion Completed,LUTON/LUTON,AS,,121.880,,-,EGGW,,,,,,,,,,,,,,,
Not Yet Converted,LUTON/LUTON,TWR,126.725,,,-,,,,,,,,,,,,,,,,
Not Yet Converted,LUTON/LUTON,APP,128.750,,,-,,,,,,,,,,,,,,,,
Not Yet Converted,LUTON/LUTON,APP,129.550,,,LARS/SQUAWK,,,,,,,,,,,,,,,,
Conversion Requested,LUTON/LUTON,TWR,132.550,132.555,26/04/2018,-,,,,,,,,,,,,,,,,
Conversion Requested,LYDD/LYDD,TWR,119.375,119.380,21/06/2018,-,,,,,,,,,,,,,,,,
Conversion Requested,LYDD/LYDD,APP,120.700,120.705,21/06/2018,-,,,,,,,,,,,,,,,,
Conversion Requested,LYDD/LYDD,ATIS,129.225,129.230,21/06/2018,-,,,,,,,,,,,,,,,,
Conversion Requested,LYDD/LYDD,OPC,130.075,131.705,21/06/2018,,,,,,,,,,,,,,,,,
Not Yet Converted,MACHRIHANISH,AFIS,125.900,,,-,,,,,,,,,,,,,,,,
Not Yet Converted,MANCHESTER/MANCHESTER,APP,118.575,118.580,24/05/2018,LARS/SQUAWK,,,,,,,,,,,,,,,,
Not Yet Converted,MANCHESTER/MANCHESTER,TWR,118.625,118.630,24/05/2018,-,,,,,,,,,,,,,,,,
Not Yet Converted,MANCHESTER/MANCHESTER,TWR,119.400,119.405,24/05/2018,-,,,,,,,,,,,,,,,,
Not Yet Converted,MANCHESTER/MANCHESTER,APP,121.350,121.355,24/05/2018,-,,,,,,,,,,,,,,,,
Not Yet Converted,MANCHESTER/MANCHESTER,AS,121.700,121.705,24/05/2018,-,,,,,,,,,,,,,,,,
Not Yet Converted,MANCHESTER/MANCHESTER,AS,121.850,121.855,24/05/2018,-,,,,,,,,,,,,,,,,
Not Yet Converted,MANCHESTER/MANCHESTER,AS,121.975,121.980,24/05/2018,-,,,,,,,,,,,,,,,,
Not Yet Converted,MANCHESTER/MANCHESTER,ATIS,128.175,128.180,24/05/2018,-,,,,,,,,,,,,,,,,
Not Yet Converted,MANCHESTER/MANCHESTER,APP,135.000,,,-,,,,,,,,,,,,,,,,
Not Yet Converted,MANSTON,TWR,119.925,,,-,,,,,,,,,,,,,,,,
Not Yet Converted,MANSTON,APP,126.350,,,-,,,,,,,,,,,,,,,,
Not Yet Converted,MANSTON,APP,132.450,,,-,,,,,,,,,,,,,,,,
Not Yet Converted,MANSTON,ATIS,133.675,,,-,,,,,,,,,,,,,,,,
Not Yet Converted,MARHAM,APP,118.325,,,-,,,,,,,,,,,,,,,,
Not Yet Converted,MARHAM,APP,124.150,,,LARS/SQUAWK,,,,,,,,,,,,,,,,
Not Yet Converted,MIDDLE WALLOP,TWR,118.600,,,-,,,,,,,,,,,,,,,,
Not Yet Converted,MILDENHALL,AS,121.800,,,-,,,,,,,,,,,,,,,,
Not Yet Converted,MILDENHALL,TWR,122.550,,,-,,,,,,,,,,,,,,,,
Conversion Completed,NANTCLWYD,A/G,,130.380,,-,-,,,,,,,,,,,,,,,
Not Yet Converted,NETHERAVON,TWR,128.300,,,-,,,,,,,,,,,,,,,,
Not Yet Converted,NETHERTHORPE,A/G,123.275,,,-,,,,,,,,,,,,,,,,
Conversion Requested,NEWCASTLE/NEWCASTLE,ATIS,118.375,118.380,26/04/2018,-,,,,,,,,,,,,,,,,
Conversion Requested,NEWCASTLE/NEWCASTLE,TWR,119.700,119.705,26/04/2018,-,,,,,,,,,,,,,,,,
Conversion Requested,NEWCASTLE/NEWCASTLE,AS,121.725,121.730,26/04/2018,-,,,,,,,,,,,,,,,,
Conversion Requested,NEWCASTLE/NEWCASTLE,APP,124.375,124.380,26/04/2018,LARS/SQUAWK,,,,,,,,,,,,,,,,
Conversion Requested,NEWCASTLE/NEWCASTLE,APP,125.825,125.830,26/04/2018,-,,,,,,,,,,,,,,,,
Not Yet Converted,NEWTOWNARDS,A/G,128.300,,,-,,,,,,,,,,,,,,,,
Not Yet Converted,NORTH DENES,APP,123.400,,,-,,,,,,,,,,,,,,,,
Not Yet Converted,NORTH SEA,APP,122.250,,,-,,,,,,,,,,,,,,,,
Not Yet Converted,NORTH SEA,A/G,124.800,,,-,,,,,,,,,,,,,,,,
Not Yet Converted,NORTH SEA,A/G,128.100,,,-,,,,,,,,,,,,,,,,
Conversion Completed,NORTH WEALD,A/G,123.525,123.530,,-,EGSX,,,,,,,,,,,,,,,
Conversion Requested,NORTHAMPTON/SYWELL,AFIS,122.700,122.705,31/03/2018,-,EGBK,,,,,,,,,,,,,,,
Not Yet Converted,NORTHCOTE,A/G,120.150,,,-,,,,,,,,,,,,,,,,
Not Yet Converted,NORTHOLT,TWR,118.100,,,-,,,,,,,,,,,,,,,,
Not Yet Converted,NORTHOLT,APP,120.675,,,-,,,,,,,,,,,,,,,,
Not Yet Converted,NORTHOLT,AS,121.575,,,-,,,,,,,,,,,,,,,,
Not Yet Converted,NORTHOLT,ATIS,125.125,,,-,,,,,,,,,,,,,,,,
Not Yet Converted,NORTHOLT,TWR,125.875,,,-,,,,,,,,,,,,,,,,
Not Yet Converted,NORTHOLT,APP,126.450,,,-,,,,,,,,,,,,,,,,
Not Yet Converted,NORTHOLT,APP,129.125,,,-,,,,,,,,,,,,,,,,
Not Yet Converted,NORTHOLT,APP,130.350,,,-,,,,,,,,,,,,,,,,
Conversion Requested,NORWICH,APP,119.350,119.355,01/05/2018,LARS/SQUAWK,,,,,,,,,,,,,,,,
Problem,NORWICH,TWR,124.250,124.255,01/05/2018,-,,,,,,,,,,,,,,,,
Conversion Requested,NORWICH,APP,128.325,128.325,01/05/2018,-,,,,,,,,,,,,,,,,
Conversion Requested,NORWICH,ATIS,128.625,128.630,01/05/2018,-,,,,,,,,,,,,,,,,
Not Yet Converted,NOTTINGHAM,A/G,134.875,,,-,,,,,,,,,,,,,,,,
Not Yet Converted,OAKSEY PARK,A/G,132.225,,,-,,,,,,,,,,,,,,,,
Not Yet Converted,OBAN,AFIS,118.050,,,-,,,,,,,,,,,,,,,,
Not Yet Converted,ODIHAM,APP,131.300,,,-,,,,,,,,,,,,,,,,
Not Yet Converted,OFI TRENT,A/G,120.075,,,-,,,,,,,,,,,,,,,,
Conversion Completed,OLD SARUM,A/G,,123.205,,-,EGLS,,,,,,,,,,,,,,,
Conversion Requested,OLD WARDEN,A/G,130.700,130.705,TBC,-,,,,,,,,,,,,,,,,
Conversion Completed,OXFORD/KIDLINGTON,AS,,121.955,,-,EGTK,,,,,,,,,,,,,,,
Conversion Completed,OXFORD/KIDLINGTON,APP,,125.090,,-,EGTK,,,,,,,,,,,,,,,
Conversion Requested,OXFORD/KIDLINGTON,APP,125.325,125.090,TBC,-,,,,,,,,,,,,,,,,
Conversion Completed,OXFORD/KIDLINGTON,APP,,127.110,,-,EGTK,,,,,,,,,,,,,,,
Conversion Requested,OXFORD/KIDLINGTON,APP,127.750,127.110,TBC,LARS/SQUAWK,,,,,,,,,,,,,,,,
Problem,OXFORD/KIDLINGTON,TWR,133.425,133.430,31/12/2018,-,EGTK,,,,,,,,,,,,,,,
Conversion Completed,OXFORD/KIDLINGTON,ATIS,,136.230,,-,EGTK,,,,,,,,,,,,,,,
Not Yet Converted,PERTH/PERTH,A/G,119.800,,,-,,,,,,,,,,,,,,,,
Not Yet Converted,PETERBOROUGH/CONINGT,A/G,129.725,,,-,,,,,,,,,,,,,,,,
Not Yet Converted,PETERBOROUGH/SIBSON,A/G,120.325,,,-,,,,,,,,,,,,,,,,
Not Yet Converted,PLYMOUTH,APP,121.250,,,LARS/SQUAWK,,,,,,,,,,,,,,,,
Conversion Completed,POPHAM,A/G,,129.805,,-,EGHP,,,,,,,,,,,,,,,
Not Yet Converted,PORTLAND,APP,124.150,,,LARS/SQUAWK,,,,,,,,,,,,,,,,
Not Yet Converted,PREDANNACK,A/G,124.100,,,-,,,,,,,,,,,,,,,,
Not Yet Converted,PRESTWICK/PRESTWICK,TWR,118.150,,,-,,,,,,,,,,,,,,,,
Not Yet Converted,PRESTWICK/PRESTWICK,ATIS,121.125,,,-,,,,,,,,,,,,,,,,
Not Yet Converted,PRESTWICK/PRESTWICK,APP,124.625,,,-,,,,,,,,,,,,,,,,
Not Yet Converted,PRESTWICK/PRESTWICK,TWR,127.150,,,-,,,,,,,,,,,,,,,,
Not Yet Converted,PRESTWICK/PRESTWICK,APP,129.450,,,-,,,,,,,,,,,,,,,,
Not Yet Converted,RAF KINLOSS,A/G,118.350,,,-,,,,,,,,,,,,,,,,
Not Yet Converted,RAF LITTLE RISSINGTON,A/G,124.100,,,-,,,,,,,,,,,,,,,,
Conversion Completed,RAF MONA,A/G,118.955,,,-,EGOQ,,,,,,,,,,,,,,,
Not Yet Converted,RAF MONA,A/G,119.175,,,-,,,,,,,,,,,,,,,,
Not Yet Converted,RAF ODIHAM,TWR,119.225,,,-,,,,,,,,,,,,,,,,
Not Yet Converted,RAF SPADEADAM,A/G,128.725,,,-,,,,,,,,,,,,,,,,
Not Yet Converted,REDHILL,TWR,119.600,,,-,,,,,,,,,,,,,,,,
Not Yet Converted,REDHILL,ATIS,125.300,,,-,,,,,,,,,,,,,,,,
Not Yet Converted,RHUDDLAN,A/G,123.475,,,-,,,,,,,,,,,,,,,,
Conversion Completed,ROCHESTER,AFIS/AG,122.255,,28/02/2018,-,EGTO,,,,,,,,,,,,,,,
Conversion Completed,ROUGHAM AIRFIELD,A/G,123.165,,,-,-,,,,,,,,,,,,,,,
Not Yet Converted,SALISBURY PLAIN,TWR,130.150,,,-,,,,,,,,,,,,,,,,
Not Yet Converted,SANDTOFT,A/G,130.425,,,-,,,,,,,,,,,,,,,,
Not Yet Converted,SAXA VORD,A/G,118.150,,,-,,,,,,,,,,,,,,,,
Not Yet Converted,SCATSTA,ATIS,128.500,,,-,,,,,,,,,,,,,,,,
Not Yet Converted,SCATSTA,APP,131.000,,,-,,,,,,,,,,,,,,,,
Not Yet Converted,SCATSTA NESS,APP,122.400,,,-,,,,,,,,,,,,,,,,
Not Yet Converted,SCATSTA NESS,APP,123.600,,,-,,,,,,,,,,,,,,,,
Not Yet Converted,SCILLY ISLES,APP,118.200,,,-,,,,,,,,,,,,,,,,
Not Yet Converted,SCILLY ISLES,APP,124.875,,,-,,,,,,,,,,,,,,,,
Not Yet Converted,SCOTTISH ACC,VOLMET,125.725,,,-,,,,,,,,,,,,,,,,
Conversion Completed,SEETHING,A/G,122.605,,01/03/2018,-,EGSJ,,,,,,,,,,,,,,,
Not Yet Converted,SHACKLEWELL,A/G,128.375,,,-,,,,,,,,,,,,,,,,
Not Yet Converted,SHAWBURY,APP,133.150,,,LARS/SQUAWK,,,,,,,,,,,,,,,,
Not Yet Converted,SHERBURN-IN-ELMET,A/G,122.600,,,-,,,,,,,,,,,,,,,,
Conversion Completed,SHIPDHAM,A/G,132.230,,,-,EGSA,,,,,,,,,,,,,,,
Conversion Requested,SHOBDON,AFIS,123.500,118.155,01/05/2018,-,EGBS,,,,,,,,,,,,,,,
Not Yet Converted,SHOREHAM,APP,123.150,,,-,,,,,,,,,,,,,,,,
Not Yet Converted,SHOREHAM,TWR,125.400,,,-,,,,,,,,,,,,,,,,
Not Yet Converted,SHOREHAM,ATIS,130.975,,,-,,,,,,,,,,,,,,,,
Not Yet Converted,SILVERSTONE,A/G,121.075,,,-,,,,,,,,,,,,,,,,
Not Yet Converted,SILVERSTONE,TWR,123.325,,,-,,,,,,,,,,,,,,,,
Not Yet Converted,SILVERSTONE,A/G,130.275,,,-,,,,,,,,,,,,,,,,
Not Yet Converted,SKEGNESS,A/G,132.425,,,-,,,,,,,,,,,,,,,,
Not Yet Converted,SLEAP,A/G,122.450,,,-,,,,,,,,,,,,,,,,
Not Yet Converted,SOUTH CERNEY,A/G,120.775,,,-,,,,,,,,,,,,,,,,
Conversion Completed,SOUTHAMPTON,APP,,122.730,19/12/2017,-,EGHI,,,,,,,,,,,,,,,
Conversion Completed,SOUTHAMPTON/SOUTHAMP,TWR,,118.205,14/12/2017,-,EGHI,,,,,,,,,,,,,,,
Not Yet Converted,SOUTHAMPTON/SOUTHAMP,APP,120.225,,,LARS/SQUAWK,,,,,,,,,,,,,,,,
Conversion Completed,SOUTHAMPTON/SOUTHAMP,ATIS,,130.880,14/12/2017,-,EGHI,,,,,,,,,,,,,,,
Conversion Requested,SOUTHEND,APP,132.450,132.455,31/07/2018,-,EGMC,,,,,,,,,,,,,,,
Conversion Requested,SOUTHEND/SOUTHEND,ATIS,121.800,121.805,TBC,-,EGMC,,,,,,,,,,,,,,,
Conversion Completed,SOUTHEND/SOUTHEND,TWR,127.725,127.730,,-,EGMC,,,,,,,,,,,,,,,
Conversion Requested,SOUTHEND/SOUTHEND,APP,130.775,130.780,31/05/2018,LARS/SQUAWK,EGMC,,,,,,,,,,,,,,,
Conversion Completed,SOUTHEND/SOUTHEND,ATIS,136.050,136.055,,-,EGMC,,,,,,,,,,,,,,,
Not Yet Converted,NEWQUAY,AS,121.950,,TBC,-,,,,,,,,,,,,,,,,
Conversion Requested,NEWQUAY,ATIS,127.400,,TBC,-,,,,,,,,,,,,,,,,
Conversion Requested,NEWQUAY,APP,127.925,,TBC,-,,,,,,,,,,,,,,,,
Conversion Requested,NEWQUAY,APP,133.400,,TBC,LARS/SQUAWK,,,,,,,,,,,,,,,,
Conversion Requested,NEWQUAY,TWR,134.375,,TBC,-,,,,,,,,,,,,,,,,
Not Yet Converted,ST. ATHAN,APP,118.125,,,-,,,,,,,,,,,,,,,,
Not Yet Converted,STAFFORDSHIRE HELIPORT,A/G,123.750,,,-,,,,,,,,,,,,,,,,
Conversion Completed,STANSTED,AS,,118.760,,-,EGSS,,,,,,,,,,,,,,,
Conversion Completed,STANSTED,AS,,121.555,,-,EGSS,,,,,,,,,,,,,,,
Conversion Completed,STANSTED,AS,,121.930,,-,EGSS,,,,,,,,,,,,,,,
Not Yet Converted,STAPLEFORD/TAWNY,AFIS,122.800,,,-,,,,,,,,,,,,,,,,
Not Yet Converted,STOKE AIRFIELD,A/G,118.925,,,-,,,,,,,,,,,,,,,,
Not Yet Converted,STORNOWAY,APP,123.500,,,-,,,,,,,,,,,,,,,,
Not Yet Converted,STORNOWAY,ATIS,126.700,,,-,,,,,,,,,,,,,,,,
Conversion Requested,STOW MARIES,A/G,118.980,,01/04/2018,-,-,,,,,,,,,,,,,,,
Not Yet Converted,STURGATE,A/G,130.300,,,-,,,,,,,,,,,,,,,,
Not Yet Converted,SWANSEA,A/G,119.700,,,-,,,,,,,,,,,,,,,,
Not Yet Converted,SWANTON MORLEY,A/G,124.100,,,-,,,,,,,,,,,,,,,,
Not Yet Converted,SYERSTON,AS,121.825,,,-,,,,,,,,,,,,,,,,
Not Yet Converted,SYERSTON,A/G,123.375,,,-,,,,,,,,,,,,,,,,
Not Yet Converted,SYERSTON,A/G,128.525,,,-,,,,,,,,,,,,,,,,
Not Yet Converted,TAIN,A/G,122.750,,,-,,,,,,,,,,,,,,,,
Not Yet Converted,TATTENHILL,A/G,124.075,,,-,,,,,,,,,,,,,,,,
Not Yet Converted,TEES-SIDE/TEES-SIDE,AS,121.700,,,-,,,,,,,,,,,,,,,,
Conversion Requested,THRUXTON,A/G,130.450,118.280,TBC,-,,,,,,,,,,,,,,,,
Conversion Completed,TILSTOCK,A/G,,118.105,,-,EGCT,,,,,,,,,,,,,,,
Not Yet Converted,TINGWALL,AFIS,125.300,,,-,,,,,,,,,,,,,,,,
Not Yet Converted,TIREE,AFIS,122.700,,,-,,,,,,,,,,,,,,,,
Not Yet Converted,TOPCLIFFE,TWR,121.450,,,-,,,,,,,,,,,,,,,,
Not Yet Converted,TOPCLIFFE,A/G,125.000,,,-,,,,,,,,,,,,,,,,
Not Yet Converted,TURWESTON,A/G,122.175,,,-,,,,,,,,,,,,,,,,
Not Yet Converted,UPAVON,A/G,124.100,,,-,,,,,,,,,,,,,,,,
Not Yet Converted,VALLEY,ATIS,120.725,,,-,,,,,,,,,,,,,,,,
Not Yet Converted,VALLEY,APP,125.225,,,LARS/SQUAWK,,,,,,,,,,,,,,,,
Not Yet Converted,WADDINGTON,APP,119.500,,,LARS/SQUAWK,,,,,,,,,,,,,,,,
Not Yet Converted,WADDINGTON,TWR,121.300,,,-,,,,,,,,,,,,,,,,
Not Yet Converted,WADDINGTON,APP,125.350,,,-,,,,,,,,,,,,,,,,
Conversion Requested,WARTON,ATIS(AS),121.730,,29/03/2018,-,EGNO,,,,,,,,,,,,,,,
Conversion Requested,WARTON,AS,121.830,,29/03/2018,-,EGNO,,,,,,,,,,,,,,,
Conversion Requested,WARTON,APP,126.580,,29/03/2018,-,EGNO,,,,,,,,,,,,,,,
Conversion Requested,WARTON,APP,129.530,,29/03/2018,-,EGNO,,,,,,,,,,,,,,,
Conversion Requested,WARTON,APP,129.730,,29/03/2018,-,EGNO,,,,,,,,,,,,,,,
Conversion Requested,WARTON,TWR,130.805,,29/03/2018,-,EGNO,,,,,,,,,,,,,,,
Conversion Completed,BRIMPTON/WASING,A/G,,135.130,01/03/2018,-,EGLP,,,,,,,,,,,,,,,
Not Yet Converted,WATTISHAM,APP,125.800,,,-,,,,,,,,,,,,,,,,
Not Yet Converted,WELLESBOURNE MOUNTFO,AFIS,124.025,,,-,,,,,,,,,,,,,,,,
Not Yet Converted,WELSHPOOL,A/G,128.000,,,-,,,,,,,,,,,,,,,,
Not Yet Converted,WEST FREUGH,APP,130.050,,,-,,,,,,,,,,,,,,,,
Not Yet Converted,WEST KIRBY,A/G,118.250,,,-,,,,,,,,,,,,,,,,
Not Yet Converted,WESTON ON THE GREEN,A/G,133.650,,,-,,,,,,,,,,,,,,,,
Not Yet Converted,WETHERSFIELD,A/G,124.100,,,-,,,,,,,,,,,,,,,,
Not Yet Converted,WHITE WALTHAM,AFIS,122.600,,,-,,,,,,,,,,,,,,,,
Not Yet Converted,WICK,APP,119.700,,,-,,,,,,,,,,,,,,,,
Not Yet Converted,WICK,ATIS,124.350,,,-,,,,,,,,,,,,,,,,
Conversion Completed,WICKENBY,A/G,,122.455,,-,EGNW,,,,,,,,,,,,,,,
Not Yet Converted,WITTERING,APP,119.675,,,-,,,,,,,,,,,,,,,,
Not Yet Converted,WITTERING,ATIS,123.925,,,-,,,,,,,,,,,,,,,,
Not Yet Converted,WITTERING,TWR,127.975,,,-,,,,,,,,,,,,,,,,
Not Yet Converted,WITTERING,PAR,135.200,,,-,,,,,,,,,,,,,,,,
Not Yet Converted,WOLVERHAMPTON,AFIS,123.000,,,-,,,,,,,,,,,,,,,,
Not Yet Converted,WOODVALE,TWR,119.750,,,-,,,,,,,,,,,,,,,,
Not Yet Converted,WOODVALE,TWR,121.000,,,-,,,,,,,,,,,,,,,,
Not Yet Converted,WYCOMBE AIR PARK,AS,121.775,,,-,,,,,,,,,,,,,,,,
Not Yet Converted,WYCOMBE AIR PARK,TWR,126.550,,,-,,,,,,,,,,,,,,,,
Not Yet Converted,YEOVIL,A/G,118.750,,,-,,,,,,,,,,,,,,,,
Not Yet Converted,YEOVIL,PAR,123.275,,,-,,,,,,,,,,,,,,,,
Not Yet Converted,YEOVIL,TWR,125.400,,,-,,,,,,,,,,,,,,,,
Not Yet Converted,YEOVIL,APP,130.800,,,-,,,,,,,,,,,,,,,,
Not Yet Converted,YEOVIL/WESTLAND,APP,119.050,,,-,,,,,,,,,,,,,,,,
Not Yet Converted,YEOVILTON,TWR,120.800,,,-,,,,,,,,,,,,,,,,
